"community_name","members"
"0","@peter_szilagyi|@snipeyhead|@reybango|@eLearnSecurity|@BentleyAudrey|@TriciaKicksSaaS|@DeLusional_Sec|@georgiaweidman|@akolsuoicauqol|@kim_crawley|@lex_node|@HackingDave|@webjedi|@TayOnTech|@divinetechygirl|@k8em0|@AlyssaM_InfoSec|@kfalconspb|@kbcboy|@redcanary|@TribeOfHackers|@AccidentalCISO|@ChloeMessdaghi|@ToHpodcast|@SushiDude|@RayRedacted|@shehackspurple|@mubix|@InfoSecSherpa|@shortxstack|@3ncr1pt3d|@ian_infosec|@MalwareJake|@hacks4pancakes|@marcusjcarey|@Infosec_Taylor|@medus4_cdc|@johnjhacking|@sherrod_im|@tazwake|@tony_hunt|@CatBailey|@FeiKhal|@Djax_Alpha|@rootsecdev|@DfirDiva|@theladyofgeek|@malanalysis|@Dixie3Flatline|@cillic|@CommieGIR|@chrisculling|@theprescomm|@hackermaderas|@TryCatchHCF|@shad0wbits|@snorkel42|@mitchparkerciso|@gRootAreWe|@TheBlindHacker|@ElleArmageddon|@_glitchXR|@_mbanana|@wondersmith_rae|@lintile|@chriselgee|@daeken|@DAkacki|@base2wave|@JBizzle703|@Teck923|@_ChezDaniela|@HackerSploit|@DebugPrivilege|@CircuitSwan|@jack_daniel|@SANSEMEA|@YesItsKathleen|@coriplusplus|@Coleens_IS|@unfoldmybrain|@rnbwkat|@tijuanera|@CamilleEsq|@willasaywhat|@blenster|@z3r0trust|@TheOnlyMike_E|@ravici|@runforserenity|@LawyerLiz|@browninfosecguy|@TC_Johnson|@EanMeyer|@deviantollam|@_th1nk3r|@aznhusband|@marianmerritt|@AletheDenis|@RealSexyCyborg|@mikecherry|@strandjs|@thugcrowd|@mzbat|@vmvogel|@CyberSecOb|@SecEvangelism|@Prof_Rege|@marigalloway|@r0wdy_|@TinkerSec|@gabsmashh|@SecurityTube|@LitMoose|@IanColdwater|@StephandSec|@WoSECtweets|@jaysonstreet|@NicoleBeckwith|@TinkerFairy_Net|@summer__heidi|@WomenCyberjutsu|@wisporg|@sawaba|@JackRhysider|@WoSecMontreal|@Laughing_Mantis|@nappy_techie|@cooperq|@elizaecampbell|@NathanMcNulty|@jamesyorke|@TychoTithonus|@d0rkph0enix|@KeirstenBrager|@DavidJBianco|@brysonbort|@danieleliot|@cyberkatelyn|@SuchiPahi|@blar51|@iCyberFighter|@OSUCISOHelen|@tarah|@ICMCP_ORG|@AyannaHaskins|@sallienewton|@bugragumus|@elchefe|@kevcody|@devseccon|@owasp|@rpargman|@cry__pto|@MaggieFero|@blueteamsec1|@3XS0|@RTG_CyberSec|@ginger_hax|@Kay_Doe_Potato|@PierogiPowered|@F5Labs|@Queercon|@ethanolivertroy|@dabit3|@__miranduh__|@0xBanana|@ccieby30|@DIOSecurity|@geminiimatt|@cyber_danyy|@magg_py|@eric_capuano|@_cosmonaught_|@securityweekly|@plaverty9|@S6Vet_INFOSEC|@ra6bit|@ebellis|@carlotasage|@Secjuice|@irongeek_adc|@lee_whitfield|@senorarroz|@ITSPmagazine|@sean_martin|@MarcoCiappelli|@kramse|@H3KTlC|@aronchick|@mrb3n813|@thecybermentor|@BCSecurity1|@jorgeorchilles|@ShitSecure|@KerryTNews|@Infosec_Rogue|@HEISCouncil|@k3r3n3|@Hacker0x01|@grimmcyber|@sickcodes|@blueteamblog|@cyborg00101|@safe_secs|@InfoSecMBz|@BKinCT|@ColinRenouf|@Ell_o_Punk|@BenC_InfoSec|@aprilwright|@shiftygeek|@sprp77|@iMeluny|@deanashick|@eyestray|@jefnathan|@supernaut29A|@joehelle|@_johnhammond|@TCMSecurity|@Viss|@DanielMiessler|@IoTvillage|@infosec_mike|@J0hnnyXm4s|@MaiteOrtegaCSO|@Run_ham|@singe|@BHinfoSecurity|@rainman_a|@CyberWatchCtr|@TimothyDeBlock|@SANSJen|@mainframed767|@EthanRobish|@TrustedSec|@z3dster|@CJAquaBurn|@privacylawyer|@lazyactivist192|@cyberGoatPsyOps|@boboTjones|@Daniel_Infosec|@CharlesDardaman|@AliSecurity|@ljstella|@Grayhat_Con|@Asher_Wolf|@hackinarticles|@markstjohn|@SerialPwny|@Snubs|@knarphie|@yonkeltron|@nousie|@TU_CARE|@_mwc|@jrozner|@SunnyWear|@joswr1ght|@realytcracker|@wehackpurple|@0xBDB|@_th3y|@snyksec|@rnd_infosec_guy|@harlo|@Owasp_DevSlop|@Dallas_Hackers|@FreyjaErlings|@BSidesDFW|@VantageTCG|@TechAtMSU|@EdTech_HigherEd|@corelight_inc|@decryptlyfe|@EmilyGorcenski|@lizthegrey|@JACOBSAMATHIAS|@lynn_dohm|@chvancooten|@SkelSec|@0xdf_|@Recon_InfoSec|@RedHuntLabs|@ippsec|@TactiFail|@infosecdoc|@dfirdave|@H3dTr1p|@BsidesORL|@c1ph0r|@SWFLSec|@PeterVolper|@Josef_Walker|@ColoradoWinds|@_brennacolleen|@shar1z|@antiproprietary|@KrutarthShukla|@DanielDonda|@ShellConLa|@H4mNo|@ladyaeva|@soft_fox_lad|@noazark|@tvidas|@WiCySorg|@_staaldraad|@orangecyberdef|@justine_osborne|@violetblue|@amirhgharib|@scooterthetroll|@educause|@stay_salty_|@DigitalBlkHippy|@RealTryHackMe|@vahidnameni|@M_Shahpasandi|@nicolasalaya|@gtcarlos_|@Shubham_pen|@xomputer|@SerenaTiede|@sans_isc|@fadumzz|@ackmage|@vanitasnk|@reblaze|@AlisterBrenton|@guedesjoaopaulo|@infosec_j|@MooAsker|@leak_scavenger|@CiaConference|@playmakrBIGLEAK|@PortSwigger|@GDPR123|@dlpresidente|@toreon_BE|@mjg59|@groby|@rickasaurus|@MarcusLiotta|@pookleblinky|@codepo8|@dawid_golunski|@_FirehaK|@TheMoxieFox|@SonoranBorn|@sigploit|@technawidotnet|@banyrock|@AniruddhasT|@Suite_Tea|@paulg|@Cyber_Talents|@kaylarosepate"
"1","@CAS2328|@100019co2"
"2","@CUREX_H2020|@Cyber_MAR|@hggranollers|@recercafphag|@DIGITALEUROPE|@ITU|@matthieugarin|@ValeryMarchive|@_Y000_|@MrCl0wnLab|@dhrlab|@goleandrew|@encryptUg|@NikolasOtt|@theGFCE|@dfaranha|@MicrosoftEU|@ansgar_baums|@Dennis_Kipker|@SteveJRitter|@perceptic0n|@anncathrin87|@HPI_DE|@herr_arendt|@LithuaniaMFA|@MaliciaRogue|@EASA|@EU_Commission|@ska_do|@certbund|@GDATA|@vestager|@DSMeu|@JulianBKing|@EmmanuelMacron|@EUCouncilPress|@wef|@JanLemnitzer|@r0xanaradu|@AsafLubin|@IvoEmanuilov|@DrAndrewDwyer|@LouMarieHSD|@KuleszaJ|@MadelineCarr|@egflo|@pchambet|@argevise|@CESIN_France|@ChrFeld|@HonkHase|@EU2020DE|@EU_EDPS|@tagesschau|@aramosorg|@felipepayao|@annamaria_osula|@caiocvm|@EUCyberDirect|@rafa_zanatta|@connect_ie|@ATHENECenter|@CyberIreland|@ManjaroLinuxARM|@fkardame|@0xggus|@lucaslago|@orangebusiness|@KasperskyLabIT|@inea_eu|@EC3Europol|@ANSSI_FR|@EU_Finance|@ecso_eu|@infocamere|@ERA_railways|@EUeic|@enisa_eu|@EP_Industry|@europainitalia|@NationalCsirtCy|@BSI_Bund|@idokilovaty|@DennisBroeders|@RAEngNews|@ThisIsEng|@MissPhilbin|@Cambridge_Uni|@KlyngeC|@edgescan|@ilmanifesto|@AMEngtoft|@demartinifelipe|@canaltech|@SamuelStolton|@lukOlejnik|@finnmyrstad|@eaDigitalEU|@SecurityPolCH|@Raspberry_Pi|@IvanDuque|@Rodrigo_Lara_|@CeDemocratico|@AlvaroUribeVel|@adafruit|@TommyvanSteen|@MFA_Lu|@SpainMFA|@RPUE_LU|@BelgiumEU|@ipfire|@BMI_Bund|@BMBF_Bund|@SarmientoVic|@concordiah2020|@IKosciuszki|@bka|@camillemoura|@StanChart|@Ela_BLee|@armbian|@9to5linux|@UniklinikBonn|@cio_bund|@CapriceSociety|@Cambridge_CL|@CompSciOxford|@medoedeliriobr|@diegoescosteguy|@gfelitti|@marcogomes|@Ox_CyberSec|@UniofOxford|@pbrito1|@IlonaSzaboC|@mariocaraujo|@RLivre|@roteirodecinema|@GovernorKayIvey|@ASCTEAlabama|@LouisianaGov|@BricsCyber|@desdotdev|@e_estonia|@UCC|@Entirl|@blazeinfosec|@mer0x36|@Rapt00rVF|@CNNValencia|@esports_totem|@emirsader|@Andre_Suporte|@MartinAtICSag|@internetlegal|@DiplomacyEdu|@MouserElecEU|@twirlinggoddess|@gustavokov|@EP_Trade|@cedric_o|@MichaelidesGe|@SoyDrGarcia|@lopezobrador_|@KenRoth|@SegurancaLegal"
"3","@PenTestMag|@Hakin9|@nullcon|@unpacker|@maldevel|@deanpierce|@josephfcox|@hackerfantastic|@BlackHatEvents|@mollymotoole|@JaneLytv|@SenBlumenthal|@snlyngaas|@Joseph_Marks_|@Nextgov|@Forbes_Mexico|@e_kaspersky|@Mcooney59|@securityforum|@CSOonline|@CrowdStrike|@Webroot|@Computerworld|@paperghost|@ajohnsocyber|@likethecoins|@GossiTheDog|@SwiftOnSecurity|@BrianHonan|@anton_chuvakin|@EFF|@threatpost|@alexstamos|@briankrebs|@elizabeth_joh|@bcrypt|@sarahjeong|@micahflee|@KimZetter|@HowellONeill|@anthomsec|@ITguySoCal|@DuguinStephane|@EliSugarman|@C_Painter|@KajaCiglic|@VessOnSecurity|@campuscodi|@x0rz|@Hexacorn|@BleepinComputer|@MalwareTechBlog|@virusbtn|@CISAKrebs|@nikesharora|@ntsuji|@YourAnonRiots|@piyokango|@fj_twt|@Mandiant|@NobMiwa|@MaggieMacAlpine|@JohnHultquist|@TypeMRT|@kevincollier|@SEGreenhalgh|@philipbstark|@pmelson|@mattifestation|@ram_ssk|@JeffElder|@SentinelOne|@RavivTamir|@zackwhittaker|@nicoleperlroth|@cnoanalysis|@aionescu|@ericgeller|@SteveSyfuhs|@HeikeRitter|@MarkSimos|@azuread|@RobertKosla|@CristinGoodwin|@MsftSecIntel|@CiscoSecure|@FireEye|@riskybusiness|@dcuthbert|@WeldPond|@TheHackersNews|@politico|@IdeaGov|@BrianPKime|@jfslowik|@attrc|@shanvav|@780thC|@John_Fokker|@Andrew___Morris|@hatr|@DefenseDigital|@Jason_Healey|@brfreed|@JGamblin|@MarkWarner|@profcarroll|@Schellevis|@ChristiaanBeek|@jayabaloo|@martijn_grooten|@EnergySec|@langnergroup|@RobertMLee|@immuniweb|@siri_urz|@US_CYBERCOM|@govtechnews|@ARCYBER|@jessysaurusrex|@philvenables|@cybereason|@CyberStatecraft|@Peter_Vasey|@SecurityWeek|@jeremiahg|@Shayan86|@AricToler|@jschauma|@struppigel|@Kangxiaopao|@dimitribest|@hackingump1|@vxunderground|@eldracote|@ReversingLabs|@megabeets_|@malware_traffic|@LawrenceAbrams|@MarceloRivero|@CryptoInsane|@James_inthe_box|@Seifreed|@JAMESWT_MHT|@demonslay335|@benkow_|@mikko|@Raj_Samani|@Bank_Security|@assolini|@jason_kint|@disinformatico|@DavidPuente|@bad_packets|@lowcalspam|@M_Miho_JPN|@jkosseff|@DanRaywood|@H_Miser|@FuzzySec|@Infosecurity|@mtoecker|@FSecure|@Securelist|@attcyber|@VickerySec|@peterwsinger|@HarriHursti|@asfakian|@therealwlambert|@0xAmit|@MITREattack|@VK_Intel|@binaryz0ne|@knaverit|@serghei|@DougITPro|@NadiyaKostyuk|@StaySafeOnline|@Sophos|@Dinosn|@hackthebox_eu|@circl_lu|@waleedassar|@jedisct1|@ptracesecurity|@yoda|@wingod|@TalBeerySec|@int0x00|@mylaocoon|@huzeyfeonal|@cynicalsecurity|@bl4sty|@raistolo|@tiraniddo|@NCSC|@japi999|@CyLab|@LindsayPGorman|@PaloAltoNtwks|@coveware|@TrendMicro|@CompTIA|@IngramMicroInc|@awscloud|@TrendMicroRSRCH|@Bitdefender|@InfosecurityMag|@McAfee_Labs|@IntezerLabs|@polarply|@petterij|@richardclarke|@SecurityCurrent|@McAfee_Home|@Muirey03|@nghiadt1098|@EranShimony|@peleghd|@0gtweet|@theflow0|@benhawkes|@gynvael|@PatchMyPC|@techreview|@cobbr_io|@PhilipTsukerman|@ExtraHop|@BrentO|@UpGuard|@daveyalba|@brave|@vgr|@Ionut_Ilascu|@spovolny|@helpnetsecurity|@McAfee|@CyberWarship|@JimLangevin|@binitamshah|@kaspersky|@reecdeep|@malwrhunterteam|@smelly__vx|@AndreaDraghetti|@GCHQ|@USCERT_gov|@Arkbird_SOLG|@_CPResearch_|@konklone|@CyberGovAU|@AWS_Gov|@TheRecord_Media|@byjacobward|@IowaSOS|@mastersonmv|@katharintai|@KarlBode|@MariaKorolov|@RonWyden|@TemperedNW|@john_holbrook|@sugimu_sec|@NJCybersecurity|@citrix|@radiojibi|@_RyanBenson|@FBussoletti|@TalosSecurity|@ESETresearch|@CISAgov|@TechCrunch|@Google|@500Startups|@NeilWalsh_UN|@UKGovScotland|@cabinetofficeuk|@bender_higgins|@ncweaver|@Techmeme|@CSAW_NYUTandon|@cyber_dot_org|@SenJackyRosen|@CSforALL|@TechnoTats|@Ali_H_Soufan|@VermontSOS|@ArmyResearchLab|@HackRead|@routefifty|@_spxn|@nuke86|@58_158_177_102|@cfiesler|@robertherjavec|@404death|@_manfp|@Expanseinc|@SANSInstitute|@AAASEPICenter|@jonrlindsay|@hodgesmr|@motherboard|@slashdot|@TheCyberSecHub|@NISTcyber|@ronrossecure|@NIST|@hashtag_cyber|@Infosys|@TimoHirvonen|@tenuous|@WIRED|@Azure|@gmail|@MorningCybersec|@thehill|@MJDutch|@RosaLSmothers|@ffforward|@anemone_fish|@SOC_Prime|@HOCupdate|@Piratenpartij|@piedpiper1616|@ninaandtito|@wired_jp|@mattburgess1|@WiredUK|@byteben|@DarkReading|@joshtpm|@metasploit|@mhelft|@ProferoSec|@CVEnew|@Veeam|@ColumbiaLaw|@ColumbiaSIPA|@VICE|@vanitatewari|@ArkoseLabs|@DBArgenis|@TheHive_Project|@NTTPR|@DLTsays|@briggsl|@graylog2|@GetCyberSafe|@kdnuggets|@getVGS|@XI_Research|@ISPA_at|@WIREDScience"
"4","@jofpin|@1ZRR4H|@moixsec|@gbemimatti|@hackplayers|@secure_review|@C0nMr|@Alonso_ReYDeS|@antoniosanzalc|@cibercrimen|@LeonAyto|@INCIBE|@djurado9|@afernandesvigo|@TheXXLMAN|@yocomu|@Honey_SEC|@0fjrm0|@OEA_Cyber|@EnemigoAnonimo_|@mindcrypt|@OfeTG|@DerechodelaRed|@UnaPibaGeek|@mattaereal|@ekoparty|@David_Uton|@jortfal|@as_informatico|@iordic|@VAguileraDiaz|@noconnametv|@C0r0n4CON|@kennbroorg|@nico_yn0|@Liquid_Global|@cryptocom|@HackLabGirlsLT|@Underc0de|@yeswehack|@ing_juani7a|@unamcert|@patowc|@ssantosv|@CCNCERT|@ramessarwat|@ESET_ES|@bitbns|@certik_io|@Martixx|@LixaH_CL|@digprivmatters|@JohnPikpas|@BugCON|@diplociber|@UCEMA_edu|@jorge_gallardo1|@padamovic|@es_ncl|@Securizame|@davidlladro|@lablegal101|@mauropm|@redeszone|@BSidesCL|@1inchExchange|@ulcamilo|@EHCGroup|@SEDIAgob|@_minecogob|@cryptobuzznews|@CryptoDiffer|@allianceblock|@RickHan|@hackwisemx|@GoogleActivate|@cotaman|@Mooky_Crypto|@javutin"
"5","@EricssonDigital|@tim_maliyil|@Victoryabro|@LindaGrass0|@thisisgulshan|@mentorafrika|@alcgroup|@CRudinschi|@AkiAnastasiou|@Fabriziobustama|@archonsec|@iotforall|@Timothy_Hughes|@enricomolinari|@JBarbosaPR|@robmay70|@avrohomg|@Paula_Piccard|@HarbRimah|@DrJDrooghaag|@DigitalColmer|@IDGTechTalk|@JosephSteinberg|@ATTBusiness|@Fisher85M|@KirkDBorne|@danielnewmanUV|@BillMew|@dez_blanchfield|@mirko_ross|@MoKatibeh|@todddlyle|@LouisColumbus|@CIOStraightTalk|@ingliguori|@Xbond49|@MikeQuindazzi|@tech_mahindra|@desirevile|@ChuckDBrooks|@ipfconline1|@NesatJahan1|@deepdarkwoodss|@PNNLab|@NowBounce|@ginsig|@bulbi59|@clouditeg|@sujatvis|@NancyTr83158469|@jidaw|@GeorgeWillems1|@achyutaghosh|@getengati|@MargaretSiegien|@zbraiterman|@tgravel|@domenicoraguseo|@CyberSec_Chris|@ErickSimpson|@BrettLScottTD|@rubenrcabrera|@FCriado7|@PrivafyP|@Tmaring0323|@AlexRyals|@JohnNosta|@BISITE_USAL|@ruben_arce_s|@corchadojm|@aselawaid|@cybersecboardrm|@Shirastweet|@CybersecuritySF|@digitalcloudgal|@PVynckier|@gvalan|@khurramcyber|@ShiCooks|@RagusoSergio|@ThomasDaoX|@gp_pulipaka|@reach2ratan|@PwC_Middle_East|@SiemensEnergyME|@PwC|@haniashkar|@Zoho_MEA|@zoho|@StephaneNappo|@Dahl_Consult|@thinkers360|@NodeXL_Mktng|@nodexl|@marc_smith|@IIoT_World|@WiCSME|@SpirosMargaris|@TmanSpeaks|@arlenenewbigg|@fklivestolearn|@darrendeath|@junjudapi|@Corix_JC|@stratorob|@andi_staub|@benmoscovitch|@atolivia|@A10Networks|@import_jmr|@hackernoon|@chrispcritters|@TysonLester|@Erick_kyole01|@Analytics_699|@Robert_Sweet_74|@zaibatsu|@TamaraMcCleary|@HermsenKai|@CybelAngel|@mdrechsler|@AmitChampaneri1|@asokan_telecom|@ravikikan|@kuriharan|@techopcode|@InfoSecHotSpot|@DxLatest|@StartGrowthHack|@sminaev2015|@IanLJones98|@FmFrancoise|@Acronis|@JMonteagudoE|@Udemy_Coupons1|@Bomoimajid|@BlackfreeNiken|@TechieTrotman|@nanox_vision|@ecgrhythms|@smr_foundation|@PaolaPisano_Min|@IPvZero|@Kevin_Jackson|@AghiathChbib|@KhalidHamdan0|@CatherineAdenle|@HPI_NYC|@ZeinaZakhour|@BranndonKelley|@ECCOUNCIL|@arturodicorinto|@warriors_mom|@drericcole|@Calsoft_Data|@forgeaheadio|@tianhuil|@bigyahu|@KevinClarity|@IronNet|@JinibaBD|@secure_perry|@driwaldorf|@Clarify360|@aicanedo|@SourabhSKatoch|@inteliment|@arnabch01|@PoliticalWeeds|@Nicochan33|@HormetcAesthetc|@jcbonthedl|@CioAmaro|@Ronald_vanLoon|@instagrapics|@kumicumz|@LibsInAmerica|@AOAforDOs|@mclynd|@Miyuki_Suzuki1|@TDataScience|@1lucabelli|@jonobacon|@HaroldSinnott|@antgrasso|@sepiosys|@Chels_LA|@NobleOrdu|@mahmud2040|@electronicspec|@sashax2_|@superjan|@AppgateSecurity|@pdesouza|@AuroraSecurIT|@Exprivia_CY|@Siemens|@farhad55526050|@DrRwtl|@DogUbu|@BrentJArnold|@CDWGWAGov|@JeffFrick|@BIconadvisory|@palgravecrim|@ambermac|@machinelearnTec|@ZyzzRespecter|@carissaveliz|@MarcusPluijm|@JoelHashtagKing|@pvergadia|@openid|@cindievaccaro|@sallyeaves|@R_Demidchuk|@BMCSoftware|@Programmingbea2|@TvPrivacy|@InsanityIsFree|@hacback17|@CyberChallengIT|@MyTersano|@WEtechAlliance|@jmckenny|@TomR4vn|@izag82161|@js_tut|@Locham_David|@Michael27588252|@AlgorithmXLab|@nafisalam|@fintechcorridor|@NICyber|@JinRLee92|@gleemie|@techub_enca|@mybroadband|@AllDayDevOps|@NordVPNTeams|@YukariKingdom18|@FriseSally|@Exprivia_Italy|@NPP_GH|@AmaOwareF|@Codifyd|@hcltech|@DepSecMenezes|@DeborahEmeni|@tprstly|@FuturEconomy|@PinakiLaskar|@Fisheyebox|@couponed_code|@Atlassian|@KPMG|@SiemensUSA|@EvanKirstel|@womenknowcyber|@ericemoji|@sec_overflow|@_sonofadam|@DIEBO37|@johnrampton|@MaRSDD|@RexOmarrr|@piquesolutions|@aneeshnair|@bychanelstitt|@WritingGifts|@Privafy|@Cohesity|@cybercrimeprof|@zapier|@BenDougherty|@Atos|@PlusOffices|@SAURAVSINGLA_08|@PwC_NI|@iambriancarroll|@simplilearn"
"6","@prayingmedic|@SCPatriotSC|@DenimRichards|@_Z_D21_|@odonnell_r|@EmeraldRobinson|@Cernovich|@RichardGrenell|@RyanAFournier|@TomFitton|@RonJohnsonWI|@kayleighmcenany|@cityofmilwaukee|@SecretsBedard|@PuebloWarriors|@arizonafuture|@tucsonunified|@RealSlimKag|@bbusa617|@selfdeclaredref|@SexCounseling|@PS__Patriot|@D3m0A|@JonathanFalcons|@Dredgeydubs|@NZSilentRage|@euan_me3|@nznfreez|@CraigSDouglas1|@thebeachesNZ|@Peoples_Pundit|@lsanger|@zerosum24|@Wizard_Predicts|@ArizonaDOA|@FannKfann|@TimRoemerAZ|@RonColeman|@TrueNPatriot|@cynthiamckinney|@caitoz|@nypost|@LouDobbs|@FoxNews|@TeamCavuto|@datarade|@BreitbartNews|@dbongino|@_whitneywebb|@JohnnyVedmore|@Know_More_News|@PamelaDrew|@VanessaBeeley|@gatewaypundit|@supersleuthgrl|@AugustTakala|@SidneyPowell1|@KMCRadio|@catturd2|@SebGorka|@DrPaulGosar|@McAdooGordon|@Ron4California|@tracybeanz|@KenWebsterII|@JerryDunleavy|@chiIIum|@missmiafaith|@JackPosobiec|@pnjaban|@kylenabecker|@BardsFM|@cblcrshr|@GeorgenewsOrg|@VincentCrypt46|@JewhadiTM|@BretBaier|@ManilaChan|@therealarod1984|@MajorPatriot|@JuliansRum|@wokesocieties|@LionelMedia|@Leo4AzHouse|@Karen_State_U|@SandraSmithFox|@StevePieczenik|@realannapaulina|@_Discernment_|@finwiz416|@towntro|@TrumperWavin|@PolitiikkaTV|@BillDagg|@pizzasandonuts|@InfoSec_MH|@RDoctorD1|@cain_nate|@danielchaitin7|@BrandonStraka|@tribunal_watch|@WeTheInevitable|@Jhomes551|@AndrewCMcCarthy|@OulunN|@LeahR77|@StarLasswell1|@pepesgrandma|@donaldrusso994|@T_S_P_O_O_K_Y|@X22Report|@ablrchi|@no2censorship|@HISGLORYME|@JoanofAmerica|@aaaamhim|@TheSharpEdge1|@RudyGiuliani|@samanthamarika1|@RealJamesWoods|@realDonaldTrump|@marthamaccallum|@melmanmark|@OldCraig|@RealBrysonGray|@DocRock1007|@angelle_j|@TrumpWarRoom|@JacquiHeinrich|@dcexaminer|@LizMacDonaldFOX|@davidspunt|@GilbertYourTown|@dougducey|@MarineGun81s|@IDHS|@GovHolcomb|@KassandraKitson|@MrSimpleSense|@_DWRobinson|@senatemajldr|@Cornstock_99|@VeritasDolor"
"7","@MinisterKTR|@TelanganaDGP|@vivekramac|@remonsec|@kunwaratulhax0r|@impratikdabhi|@0xprashant|@harshbothra_|@zseano|@Brijeshbsingh|@goswamiijaya|@InfoSecComm|@0xConda|@TheJulfikar|@d4rkhunt3r_|@CMNatic|@DigitalShakti|@icyberchallenge|@cyberpeacecorps|@cyberpeacengo|@buhaimedi|@saadqrnii|@u0pattern|@nimari|@malaqsm|@FAlhafi|@debangshu_kundu|@Mah3Sec_|@souravbaghz|@sillydadddy|@ManasH4rsh|@silentbronco|@pyn3rd|@snyff|@infosec_au|@wugeej|@hipotermia|@0xd0m7|@MohammedShine8|@abhijeth|@madhuakula|@steventseeley|@rez0__|@chybeta|@AdvPrashantMali|@DSCI_Connect|@ccoe_hyd|@NasscomR|@hydcitypolice|@TelanganaCOPs|@Cyberdost|@RachakondaCop|@PIBHomeAffairs|@NCWIndia|@mygovindia|@vinitgoenka|@SanjayDhotreMP|@EduMinOfIndia|@0xReconless|@filedescriptor|@ngalongc|@bbuerhaus|@payloadartist|@InfoSecAwa|@EndNowCyber|@DelhiPolice|@pudsec|@omespino|@securinti|@JR0ch17|@PMOIndia|@IsraeliPM|@TheOfficialSBI|@ISMG_APACME|@CySpyIndia|@NotMengele|@pdiscoveryio|@KathanP19|@Sekurak|@nehatarick|@PwnL0rd|@Kei0x|@RabbitPro|@sourceincite|@ofjaaah|@NCIIPC|@naglinagli|@intigriti|@DCPSEastDelhi|@1337FIL|@r00tkie|@pdnuclei|@ticarpi|@cybercellviit"
"8","@thewhiteh4t|@ADanielHill|@egre55|@jovica|@ScottMcGready|@LisaForteUK|@Jenny_Radcliffe|@UK_Daniel_Card|@zer0pwn|@TrackerPayton|@danjconn|@abeer_khedr2|@KatyAnton|@securestep9|@BeckyPinkard|@cybergeekgirl|@NikkiC360|@jilles_com|@notameadow|@jennypotts|@Teddybreath|@Advent_IM_Comms|@cybersecstu|@qrs|@FrankSEC42|@originalesushi|@WomenCSSociety|@5w0rdFish|@TheManyHatsClub|@PhillipWylie|@SarahASmith75|@alexscroxton|@CyberSecV|@Maekshyft|@nathan_cyber|@DrAlisonsTweets|@SonyaMoisset|@ALL_Sec_Geek|@AppSecBloke|@pendo19|@vanderaj|@tleemcjr|@InfoSecforHuman|@gilmxhva|@emmakociAk|@Eliza_MayAustin|@Ossington_Bear|@WH_Y|@Unix_Guru|@BeeFaauBee09|@StuHirstInfoSec|@j_opdenakker|@hackdefense_com|@christiantoon|@happygeek|@BenDoBrown|@BushidoToken|@BandwagonTix|@FriendofEstonia|@OneBandwagonFan|@three_cube|@IriusRisk|@ExodusGhost|@palmitas10|@DanielGDresner|@FLAnderson|@CyberIanUK|@Kimberley_HG|@Cyjax_Ltd|@quentynblog|@Chuggley1|@XTRABYTES|@DFIRSamurai|@Stekkz|@CyberNews_com|@WomenForSec|@PadlockLTD|@St1ck_m4n|@cvebase|@dive_monkey|@wolfniya|@ThomLangford|@billatnapier|@mrmdhaynes|@Cry0l1t3|@olivier_boschko|@pry0cc|@0x47DF|@decoder_it|@MiFare_lady|@0xInfection|@jamieshighfield|@TheCyberJoe|@PhoebeAsquith|@DarkwebToday|@ymeesymees|@logicbomb_1|@NeuraLegion|@4n6lady|@wicca_NL|@cybercurioux|@warbenekar1|@MauroEldritch|@ktemkin|@AsterGroupUK|@Techypossible|@CyanForensics|@EdinburghNapier|@semi_colon4|@startidentity|@MantisSTS|@BotnetIn|@AbertayHackers|@re_and_more|@appsecphoenix|@DC_CyberProtect|@nerccu|@faker_|@AnguaSec|@dynamonortheast|@melihozhan|@BSidesPakistan|@larm182luis|@iamfarzaashraf|@BsidesIslamabad|@EricSedore|@memcrypt|@wackygiraffe91|@infosec_art|@FishermansEnemy|@DrJayDrNo|@plambeckery|@Rebelscot|@offensivekrish|@CyberClubTees|@TorresaniB|@AfroTech|@ElenaMichaeli|@ChaimaBellout|@ReeverZax|@north_biz|@bee_sec_san|@leetippett|@numanturle"
"9","@VaskeleviciusK|@NatashaBertrand|@jameshohmann|@RobbieGramer|@GavinThisThing|@JuliaDavisNews|@biannagolodryga|@AlexandraChalup|@kurteichenwald|@Milbank|@JoeNBC|@voxdotcom|@ApplePodcasts|@verge|@thetimes|@TheDailyShow|@cmclymer|@AnnwieAnna|@thedailybeast|@USArmy|@DeptofDefense|@johnpavlovitz|@BLaw|@bitburner|@AtlForum|@McKinsey|@SarahFKessler|@ragingina|@Ricka168|@H_MitchellPhoto|@CBTNuggets|@LearningatCisco|@LouMM|@Windows|@businessinsider|@markets|@business|@ForbesEurope|@Forbes|@sarahkendzior|@BelgiumNATO|@SHAPE_NATO|@KPRC2|@PVAMU|@Chase|@ChuckRobbins|@CiscoIoT|@TheStreet|@Cisco|@FBI|@TheJusticeDept|@PortlandPolice|@JKCorden|@YouTube|@NetOfEverything|@jennycohn1|@whet|@daniellesacks|@HHSGov|@usedgov|@US_FDA|@GenMhayden|@engadget|@altonbrown|@WisDems|@Eugene_Scott|@kylegriffin1|@washingtonpost|@timelywriter|@AndrewYang|@bonitalea|@PamKeithFL|@DavidCayJ|@DeptDefence|@ABC|@jamisonfoser|@LockheedMartin|@RoyalCanNavy|@CNBC|@techinsider|@Politicsinsider|@SarahEMcBride|@Expedia|@aroseblush|@TeresaCCarter2|@donwinslow|@PropCazhPM|@Jaina_Solo_85|@bidonkules|@politicallands1|@pvdork|@JoeBiden|@KamalaHarris|@BarackObama|@briantylercohen|@RBReich|@Malinowski|@BlackBerry|@CNET|@ZeroFuelEnviro|@opusworks|@freep|@PacificForum|@Microsoft|@advnetlab|@TWiT|@kg4gwa|@nprpolitics|@DarrenChesterMP|@ChrisCuomo|@nowthisnews|@RRalstonAgile|@DemopJ|@thomaskaine5|@imprisonTrump45|@AllanMargolin|@miamirelatives|@MRKR|@IAmSophiaNelson|@Cisco_LA|@TCS|@moneycontrolcom|@CitizenWonk|@DemocracyInn|@Lcars24|@StechDoesItAll|@scruffage|@RBiakpara|@Sydfish|@ZDNet|@Dell|@LinkedIn|@MSFTIssues|@olhardigital|@MicrosoftTeams|@aawadall|@ABCPolitics|@frontlinepbs|@novapbs|@KarenRoby6|@TechRepublic|@GrinningNumpty|@northropgrumman|@GWSwimDive|@GWsports|@BrindusaB1|@eoff_sylvia|@semicvet50|@SteveKornacki|@thenewsoncnbc|@kelly2277|@Gizmodo|@SpelmanCollege|@SSH17HX0r|@CNN|@VMware|@PVAMU_Media|@SmithsonianMag|@Blake_RESISTS|@Ike_Saul"
"10","@SofieAnonymous|@magismikeleyson"
"11","@bobrasX|@linqtoinc"
"12","@WosecKe|@BRIGHTZEED|@CyberInAfrica|@ekraal_|@shehacks_ke|@msuiche|@veronrose4|@OPCDE|@kcsfa|@Xymbiz|@CyberSecDN|@Hacktales_ng|@nogofallmaga|@ireteeh|@issafrica|@iLabAfrica|@BckKenya|@TaiSoc_Kenya|@VinceOgutu|@ICTAuthorityKE|@StrathU|@DiaryOfHackers|@kot_hacker|@Robindamisi|@RettieMali|@IMOsecurity|@YUSUPHKILEO"
"13","@CommBank|@mattygeorge|@SCAutomation|@david_obrien|@ITBriefAU|@esetaustralia|@cyriseco|@ARGOS_Cloud|@kasada_io|@Optus"
"14","@VivianFrattini|@KANTORR_CG"
"15","@UniversitySA|@Marnie_HW|@LotFourteen|@_ICEPCVE|@PKairamo|@h_wario|@iDove00|@KECOSCE|@SaraZeiger|@NaureenCFink|@Hedayah_CVE|@A3Cyber|@evanishistory|@UK_CAGE|@j_p_eggert|@Tarek_Younis_|@ncpratt|@SuomenPoliisi|@MariaOhisalo|@Sisaministerio|@crest_uofa|@Gulalai_Ismail|@MansoorehZ|@ecms_uofa|@IsmailRoyer|@CenterCve|@teoverga|@FQehaja|@TarjaMankkinen"
"16","@ancapball_br|@s04r3sligia|@guimagicarvalho|@sa_libertaria"
"17","@BaseballHilbert|@ALBDistrict8"
"18","@cwru|@Key_B2B|@keybank"
"19","@sarah_fong_tho|@Ayriath|@DoctorJohn_MD"
"20","@bitcoinorghk|@bryan_a_cheung|@genesisblockhk"
"21","@Citi973|@CitiTVGH|@CitiBizNews"
"22","@HishammuddinH2O|@JPenerangan|@ASEAN"
"23","@BTee2wo|@ArmanEP|@TradersUntied19|@LeoPalamara1"
"24","@olcrimson|@NickRolovich|@WSU_Noel_Schulz|@WSUCougarFB|@GDSportsPhotos|@theanthonymic|@Cougwill|@BlkInEngineerng|@hardiedavis|@BlackInMath|@DrCABerry|@AUG_University|@GACyberCenter|@PresKeel|@SteveGleason|@willhk04"
"25","@elastos_sash|@zbig001"
"26","@UnrollHelper|@threadreaderapp"
"27","@speakprojectM|@avacowan|@_LifeForce|@usofawake|@Kre8change|@P8R1OT|@dyeward24|@reubing|@Alamo16KP_2013"
"28","@Mr_JAGss|@osaelagos|@dsilasg|@jidesanwoolu|@OgbeniDipo|@followlasg|@FunkeOnafuye|@TundeTASH|@baba_omoloro1"
"29","@isacaatlantic|@UNB|@Concordia|@myNBCC|@CyberSecNB"
"30","@Helge|@florianklenk"
"31","@MOCDA_|@AlistairGentry|@jonty"
"32","@BolognaBSchool|@AlecJRoss"
"33","@Comrade_Waluigi|@FullCommie"
"34","@jasonthehealer|@ercwl|@RoseCityAntifa|@jason_a_w|@davidgerard|@ErgoBTC|@CoinDesk|@jp_koning|@anandMenon1|@CasMudde|@Tr0llyTr0llFace|@ahcastor|@jgharris7"
"35","@RAUL_PUCELA|@CVE_|@DiadeValladolid|@angela_demiguel|@Apehva"
"36","@NISD|@NISDZachryCyber|@UTSA|@EngineeringUTSA"
"37","@Tec_Mundo|@voxeloficial"
"38","@UOLNoticias|@tilt_uol|@UOL"
"39","@waketechcc|@WakeTechPrez|@NOVAcommcollege|@NCCommerce|@NOVAPresKress"
"40","@BairdCampbell|@rinewithoutacat|@CharterVanilla|@Cult_Archaeo"
"41","@newsvoicemag|@palbergstrom"
"42","@WWhighschool|@WestwoodCoders|@FMPSD|@altaml_com"
"43","@exame|@Citi"
"44","@SarahPinsker|@ApexBookCompany"
"45","@QualiaRedux|@RioSlade"
"46","@durham_uni|@Portsmouthhigh"
"47","@caroobarrio|@irmaar"
"48","@9_volt_|@gokunaruto3000"
"49","@yutteerr|@mari_318wanko"
"50","@worksfess|@hrdbacot"
"51","@CIOStrategyC|@cryptomill|@JansaKeith"
"52","@MPD_cybersec|@MPD_sousa1|@MPD_yokushi"
"53","@CERT_Polska|@CERT_Polska_en"
"54","@siddharthnagpol|@meerutpolice"
"55","@zahraa_zainal|@faamxx"
"56","@JaimePe86473353|@EdisonBedoya21"
"57","@_lauritz_|@ic0nz1"
"58","@alan_ritter|@szzysz"
"59","@Fa1ryNight|@canalCCore2"
"60","@BibleBeltDarlin|@Brad94346976"
"61","@tht_en|@THT_Resmi"
"62","@JamesNavaCom|@1VAFI"
"63","@_sudhackar|@whackyhit"
"64","@MichaelRaymondX|@Ideoprax"
"65","@sunnynehrabro|@ipspankajnain"
"66","@FlorentGorgesFR|@ArkeoToys"
"67","@cristian_cve|@fedematthei"
"68","@watanabeatushi|@theblue_hearts7"
"69","@saintfadumo|@tidalectics"
"70","@RISD_STEM4All|@kyndra_johnson"
"71","@AlexanderBilus|@SaulEwing"
"72","@JackWChen|@achakrava"
"73","@FerryDankier|@TweetInHolland"
"74","@MHoffV1|@beltalowda89"
"75","@_nickle_dime|@glitchfur"
"76","@Arritmias_H12O|@EF_Cardiaca"
"77","@josegriffiths|@DakotaState|@bizsiouxfalls"
"78","@unquale|@muhabbitcom"
